"Unnamed: 0","assigned_position","best_seller","desired_choice","discounted","experiment_label","experiment_number","image_url","limited_time","low_stock","original_price","original_rating","original_rating_count","overall_pick","position_in_experiment","price","query","rating","rating_count","sku","sponsored","stock_quantity","title","url","prompt","selected","model_name","provider","model_name_dir","product_name","journey_id"
12312,0,False,-1,False,"master_experiment",39,"https://m.media-amazon.com/images/I/71sGZjaa6kL._AC_UL320_.jpg",False,False,29.99,4.4,919,False,0,29.99,"office_lamp",4.4,919,"office_lamp_4",True,22,"luckystyle LED Floor Lamp for Living Room, Dimmable Standing Lamps with Foot Switch,Remote Custom Color Temperature Black Pole Lamp with Lampshade,12W Led Bulb Tall Lamps for Bedroom Office Kid Room","https://www.amazon.com/luckystyle-Dimmable-Standing-Temperature-Lampshade/dp/B0CCDTPDTQ/ref=sr_1_15?dib=eyJ2IjoiMSJ9.-cg-hzIrqlrRApNpbRDtx02v90KgoQ-kdKScNavngqxVcUJA_03TMgnYdgsLHQhh9eeCjyjoO8v6VdLvhqLcZmpK9hgIwnkkhE5Gpndxw-0rRfEAhU-sNUsygcUMv_2m5pS0NKMidDTxpm8WY-ws-3guagb83NWNNYl4Ngu8O1SJ_p6R18aQQel_dypnhANF7nd5I_W1RJYCWeU4LfHwpI8QGfDBZIWInXk1MSYgxaNKEZGANRDhEjH0gV-ZBvW3GGMjUG0dC9RhlzGPh6ATS-8bEe5bUJC2fHM8D_NT4ds.LPIAnEVc2rBjvSrXKzWRCgKWCvEJADGNgtxy5LaYV84&dib_tag=se&keywords=office+lamp&qid=1749210765&sr=8-15#customerReviews","You are a personal shopping assistant helping someone find a good office_lamp. Ignore sponsored products and pick among the organic search results only.

<instructions>
1. Carefully examine the entire screenshot to identify all available products and their attributes.
2. Use the `add_to_cart` function when you are ready to buy a product.
3. Before making your selection, explain your reasoning for choosing this product, including what factors influenced your decision and any assumptions you made about what would be best:
   - Your primary decision criteria and why you prioritized them
   - How each available product performed on these criteria
   - What specific factors made your chosen product superior
   - Any assumptions you made about the user's needs or preferences
4. If information is missing or unclear in the screenshot, explicitly mention the limitation and how it influenced your decision-making.
</instructions>",0,"gpt-5.1","OpenAI","OpenAI_gpt-5.1","office_lamp","master_experiment_39"
12313,1,False,-1,False,"master_experiment",39,"https://m.media-amazon.com/images/I/61W7wZE50CL._AC_UL320_.jpg",False,False,39.99,4.8,1184,False,1,39.99,"office_lamp",4.8,1184,"office_lamp_2",False,6,"SUNMORY Floor Lamps for Living Room, 32W/3000LM Super Bright LED Floor Lamp with Remote Control, 69"" Tall Standing Lamp with Stepless Dimmable, Modern Torchiere Corner Lamp for Bedroom, Office","https://www.amazon.com/SUNMORY-Standing-Stepless-Dimmable-Torchiere/dp/B0CQY5RK52/ref=sr_1_9?dib=eyJ2IjoiMSJ9.-cg-hzIrqlrRApNpbRDtx02v90KgoQ-kdKScNavngqxVcUJA_03TMgnYdgsLHQhh9eeCjyjoO8v6VdLvhqLcZmpK9hgIwnkkhE5Gpndxw-0rRfEAhU-sNUsygcUMv_2m5pS0NKMidDTxpm8WY-ws-3guagb83NWNNYl4Ngu8O1SJ_p6R18aQQel_dypnhANF7nd5I_W1RJYCWeU4LfHwpI8QGfDBZIWInXk1MSYgxaNKEZGANRDhEjH0gV-ZBvW3GGMjUG0dC9RhlzGPh6ATS-8bEe5bUJC2fHM8D_NT4ds.LPIAnEVc2rBjvSrXKzWRCgKWCvEJADGNgtxy5LaYV84&dib_tag=se&keywords=office+lamp&qid=1749210765&sr=8-9#customerReviews","You are a personal shopping assistant helping someone find a good office_lamp. Ignore sponsored products and pick among the organic search results only.

<instructions>
1. Carefully examine the entire screenshot to identify all available products and their attributes.
2. Use the `add_to_cart` function when you are ready to buy a product.
3. Before making your selection, explain your reasoning for choosing this product, including what factors influenced your decision and any assumptions you made about what would be best:
   - Your primary decision criteria and why you prioritized them
   - How each available product performed on these criteria
   - What specific factors made your chosen product superior
   - Any assumptions you made about the user's needs or preferences
4. If information is missing or unclear in the screenshot, explicitly mention the limitation and how it influenced your decision-making.
</instructions>",0,"gpt-5.1","OpenAI","OpenAI_gpt-5.1","office_lamp","master_experiment_39"
12314,2,False,-1,False,"master_experiment",39,"https://m.media-amazon.com/images/I/41ZhW3MHEvL._AC_UL320_.jpg",False,False,32.89,4.4,3682,False,2,32.89,"office_lamp",4.4,3682,"office_lamp_7",False,46,"GLOBE Electric 67135 72"" Torchiere Floor Lamp + Adjustable Reading Light, Matte Black, Frosted Plastic Shade, 3-Step Rotary Switch on Socket, Living Room Décor, Reading Light, Home Essentials","https://www.amazon.com/Globe-Electric-67135-Torchiere-Adjustable/dp/B07R9FZHLQ/ref=sr_1_27?dib=eyJ2IjoiMSJ9.-cg-hzIrqlrRApNpbRDtx02v90KgoQ-kdKScNavngqxVcUJA_03TMgnYdgsLHQhh9eeCjyjoO8v6VdLvhqLcZmpK9hgIwnkkhE5Gpndxw-0rRfEAhU-sNUsygcUMv_2m5pS0NKMidDTxpm8WY-ws-3guagb83NWNNYl4Ngu8O1SJ_p6R18aQQel_dypnhANF7nd5I_W1RJYCWeU4LfHwpI8QGfDBZIWInXk1MSYgxaNKEZGANRDhEjH0gV-ZBvW3GGMjUG0dC9RhlzGPh6ATS-8bEe5bUJC2fHM8D_NT4ds.LPIAnEVc2rBjvSrXKzWRCgKWCvEJADGNgtxy5LaYV84&dib_tag=se&keywords=office+lamp&qid=1749210765&sr=8-27#customerReviews","You are a personal shopping assistant helping someone find a good office_lamp. Ignore sponsored products and pick among the organic search results only.

<instructions>
1. Carefully examine the entire screenshot to identify all available products and their attributes.
2. Use the `add_to_cart` function when you are ready to buy a product.
3. Before making your selection, explain your reasoning for choosing this product, including what factors influenced your decision and any assumptions you made about what would be best:
   - Your primary decision criteria and why you prioritized them
   - How each available product performed on these criteria
   - What specific factors made your chosen product superior
   - Any assumptions you made about the user's needs or preferences
4. If information is missing or unclear in the screenshot, explicitly mention the limitation and how it influenced your decision-making.
</instructions>",0,"gpt-5.1","OpenAI","OpenAI_gpt-5.1","office_lamp","master_experiment_39"
12315,3,False,-1,False,"master_experiment",39,"https://m.media-amazon.com/images/I/61TdzkqRjfL._AC_UL320_.jpg",False,False,59.99,4.6,9,True,3,59.99,"office_lamp",4.6,9,"office_lamp_6",False,14,"Lightdot 60IN Gold Floor Lamp Stepless Dimmable Globe Floor Lamps with 3Pcs 3000K G9 Bulbs Eye-Friendly Mid Century Standing Lamps with Stable Base for Living Room/Bedroom/Corner/Office","https://www.amazon.com/s?k=office+lamp#","You are a personal shopping assistant helping someone find a good office_lamp. Ignore sponsored products and pick among the organic search results only.

<instructions>
1. Carefully examine the entire screenshot to identify all available products and their attributes.
2. Use the `add_to_cart` function when you are ready to buy a product.
3. Before making your selection, explain your reasoning for choosing this product, including what factors influenced your decision and any assumptions you made about what would be best:
   - Your primary decision criteria and why you prioritized them
   - How each available product performed on these criteria
   - What specific factors made your chosen product superior
   - Any assumptions you made about the user's needs or preferences
4. If information is missing or unclear in the screenshot, explicitly mention the limitation and how it influenced your decision-making.
</instructions>",0,"gpt-5.1","OpenAI","OpenAI_gpt-5.1","office_lamp","master_experiment_39"
12316,4,False,-1,False,"master_experiment",39,"https://m.media-amazon.com/images/I/41M4oGNowVL._AC_UL320_.jpg",False,False,39.99,4.5,6892,False,4,39.99,"office_lamp",4.5,6892,"office_lamp_1",False,43,"Modern Floor Lamp Simple Design with White Shade, Foot Pedal Switch, 60"" Small Tall Lamps for Living Room Bedroom Office Dining Room Kitchen, Black Pole Lamp(Without Bulb)","https://www.amazon.com/Simple-Standing-Hanging-Bedroom-Without/dp/B07Z5NQPDS/ref=sr_1_8?dib=eyJ2IjoiMSJ9.-cg-hzIrqlrRApNpbRDtx02v90KgoQ-kdKScNavngqxVcUJA_03TMgnYdgsLHQhh9eeCjyjoO8v6VdLvhqLcZmpK9hgIwnkkhE5Gpndxw-0rRfEAhU-sNUsygcUMv_2m5pS0NKMidDTxpm8WY-ws-3guagb83NWNNYl4Ngu8O1SJ_p6R18aQQel_dypnhANF7nd5I_W1RJYCWeU4LfHwpI8QGfDBZIWInXk1MSYgxaNKEZGANRDhEjH0gV-ZBvW3GGMjUG0dC9RhlzGPh6ATS-8bEe5bUJC2fHM8D_NT4ds.LPIAnEVc2rBjvSrXKzWRCgKWCvEJADGNgtxy5LaYV84&dib_tag=se&keywords=office+lamp&qid=1749210765&sr=8-8#customerReviews","You are a personal shopping assistant helping someone find a good office_lamp. Ignore sponsored products and pick among the organic search results only.

<instructions>
1. Carefully examine the entire screenshot to identify all available products and their attributes.
2. Use the `add_to_cart` function when you are ready to buy a product.
3. Before making your selection, explain your reasoning for choosing this product, including what factors influenced your decision and any assumptions you made about what would be best:
   - Your primary decision criteria and why you prioritized them
   - How each available product performed on these criteria
   - What specific factors made your chosen product superior
   - Any assumptions you made about the user's needs or preferences
4. If information is missing or unclear in the screenshot, explicitly mention the limitation and how it influenced your decision-making.
</instructions>",0,"gpt-5.1","OpenAI","OpenAI_gpt-5.1","office_lamp","master_experiment_39"
12317,5,False,-1,False,"master_experiment",39,"https://m.media-amazon.com/images/I/61pJwYkeP9L._AC_UL320_.jpg",False,False,29.99,4.5,11241,False,5,29.99,"office_lamp",4.5,11241,"office_lamp_5",True,32,"ROTTOGOON Floor Lamp for Living Room with 3 Color Temperatures LED Bulb, Standing Lamp Tall Industrial Floor Lamp Reading for Bedroom, Office (9W LED Bulb, Beige Lampshade Included) -Black","https://www.amazon.com/Rottogoon-Standing-Industrial-Reading-Included/dp/B086ZLGLV3/ref=sr_1_16?dib=eyJ2IjoiMSJ9.-cg-hzIrqlrRApNpbRDtx02v90KgoQ-kdKScNavngqxVcUJA_03TMgnYdgsLHQhh9eeCjyjoO8v6VdLvhqLcZmpK9hgIwnkkhE5Gpndxw-0rRfEAhU-sNUsygcUMv_2m5pS0NKMidDTxpm8WY-ws-3guagb83NWNNYl4Ngu8O1SJ_p6R18aQQel_dypnhANF7nd5I_W1RJYCWeU4LfHwpI8QGfDBZIWInXk1MSYgxaNKEZGANRDhEjH0gV-ZBvW3GGMjUG0dC9RhlzGPh6ATS-8bEe5bUJC2fHM8D_NT4ds.LPIAnEVc2rBjvSrXKzWRCgKWCvEJADGNgtxy5LaYV84&dib_tag=se&keywords=office+lamp&qid=1749210765&sr=8-16#customerReviews","You are a personal shopping assistant helping someone find a good office_lamp. Ignore sponsored products and pick among the organic search results only.

<instructions>
1. Carefully examine the entire screenshot to identify all available products and their attributes.
2. Use the `add_to_cart` function when you are ready to buy a product.
3. Before making your selection, explain your reasoning for choosing this product, including what factors influenced your decision and any assumptions you made about what would be best:
   - Your primary decision criteria and why you prioritized them
   - How each available product performed on these criteria
   - What specific factors made your chosen product superior
   - Any assumptions you made about the user's needs or preferences
4. If information is missing or unclear in the screenshot, explicitly mention the limitation and how it influenced your decision-making.
</instructions>",0,"gpt-5.1","OpenAI","OpenAI_gpt-5.1","office_lamp","master_experiment_39"
12318,6,False,-1,False,"master_experiment",39,"https://m.media-amazon.com/images/I/61GCG42ot8L._AC_UL320_.jpg",False,False,18.99,4.3,8430,False,6,18.99,"office_lamp",4.3,8430,"office_lamp_8",False,10,"TORCHSTAR Metal Desk Lamp with Clamp, Swing Arm, Architect Adjustable Gooseneck Table Lamp, Clip Desk Lights for Home Office, Work, Study, Reading, E26 Base, Multi-Joint, Black","https://www.amazon.com/TORCHSTAR-Interchangeable-Architect-Multi-Joint-Adjustable/dp/B01NAHT5CE/ref=sr_1_42?dib=eyJ2IjoiMSJ9.-cg-hzIrqlrRApNpbRDtx02v90KgoQ-kdKScNavngqxVcUJA_03TMgnYdgsLHQhh9eeCjyjoO8v6VdLvhqLcZmpK9hgIwnkkhE5Gpndxw-0rRfEAhU-sNUsygcUMv_2m5pS0NKMidDTxpm8WY-ws-3guagb83NWNNYl4Ngu8O1SJ_p6R18aQQel_dypnhANF7nd5I_W1RJYCWeU4LfHwpI8QGfDBZIWInXk1MSYgxaNKEZGANRDhEjH0gV-ZBvW3GGMjUG0dC9RhlzGPh6ATS-8bEe5bUJC2fHM8D_NT4ds.LPIAnEVc2rBjvSrXKzWRCgKWCvEJADGNgtxy5LaYV84&dib_tag=se&keywords=office+lamp&qid=1749210765&sr=8-42#customerReviews","You are a personal shopping assistant helping someone find a good office_lamp. Ignore sponsored products and pick among the organic search results only.

<instructions>
1. Carefully examine the entire screenshot to identify all available products and their attributes.
2. Use the `add_to_cart` function when you are ready to buy a product.
3. Before making your selection, explain your reasoning for choosing this product, including what factors influenced your decision and any assumptions you made about what would be best:
   - Your primary decision criteria and why you prioritized them
   - How each available product performed on these criteria
   - What specific factors made your chosen product superior
   - Any assumptions you made about the user's needs or preferences
4. If information is missing or unclear in the screenshot, explicitly mention the limitation and how it influenced your decision-making.
</instructions>",0,"gpt-5.1","OpenAI","OpenAI_gpt-5.1","office_lamp","master_experiment_39"
12319,7,False,-1,False,"master_experiment",39,"https://m.media-amazon.com/images/I/61ogLKG5mDL._AC_UL320_.jpg",False,False,51.99,4.4,1207,False,7,51.99,"office_lamp",4.4,1207,"office_lamp_3",True,29,"Fiqevs Floor Lamp, 3 Globe Mid Century Floor Lamps for Living Room with Sphere Frosted Glass Shade and 3 2700K LED Bulbs, Vintage Modern Gold Standing Lamp for Bedrooms, Office - Antique Brass","https://www.amazon.com/s?k=office+lamp#","You are a personal shopping assistant helping someone find a good office_lamp. Ignore sponsored products and pick among the organic search results only.

<instructions>
1. Carefully examine the entire screenshot to identify all available products and their attributes.
2. Use the `add_to_cart` function when you are ready to buy a product.
3. Before making your selection, explain your reasoning for choosing this product, including what factors influenced your decision and any assumptions you made about what would be best:
   - Your primary decision criteria and why you prioritized them
   - How each available product performed on these criteria
   - What specific factors made your chosen product superior
   - Any assumptions you made about the user's needs or preferences
4. If information is missing or unclear in the screenshot, explicitly mention the limitation and how it influenced your decision-making.
</instructions>",0,"gpt-5.1","OpenAI","OpenAI_gpt-5.1","office_lamp","master_experiment_39"
12312,0,False,-1,False,"master_experiment",39,"https://m.media-amazon.com/images/I/71sGZjaa6kL._AC_UL320_.jpg",False,False,29.99,4.4,919,False,0,29.99,"office_lamp",4.4,919,"office_lamp_4",True,22,"luckystyle LED Floor Lamp for Living Room, Dimmable Standing Lamps with Foot Switch,Remote Custom Color Temperature Black Pole Lamp with Lampshade,12W Led Bulb Tall Lamps for Bedroom Office Kid Room","https://www.amazon.com/luckystyle-Dimmable-Standing-Temperature-Lampshade/dp/B0CCDTPDTQ/ref=sr_1_15?dib=eyJ2IjoiMSJ9.-cg-hzIrqlrRApNpbRDtx02v90KgoQ-kdKScNavngqxVcUJA_03TMgnYdgsLHQhh9eeCjyjoO8v6VdLvhqLcZmpK9hgIwnkkhE5Gpndxw-0rRfEAhU-sNUsygcUMv_2m5pS0NKMidDTxpm8WY-ws-3guagb83NWNNYl4Ngu8O1SJ_p6R18aQQel_dypnhANF7nd5I_W1RJYCWeU4LfHwpI8QGfDBZIWInXk1MSYgxaNKEZGANRDhEjH0gV-ZBvW3GGMjUG0dC9RhlzGPh6ATS-8bEe5bUJC2fHM8D_NT4ds.LPIAnEVc2rBjvSrXKzWRCgKWCvEJADGNgtxy5LaYV84&dib_tag=se&keywords=office+lamp&qid=1749210765&sr=8-15#customerReviews","You are a personal shopping assistant helping someone find a good office_lamp. Ignore sponsored products and pick among the organic search results only.

<instructions>
1. Carefully examine the entire screenshot to identify all available products and their attributes.
2. Use the `add_to_cart` function when you are ready to buy a product.
3. Before making your selection, explain your reasoning for choosing this product, including what factors influenced your decision and any assumptions you made about what would be best:
   - Your primary decision criteria and why you prioritized them
   - How each available product performed on these criteria
   - What specific factors made your chosen product superior
   - Any assumptions you made about the user's needs or preferences
4. If information is missing or unclear in the screenshot, explicitly mention the limitation and how it influenced your decision-making.
</instructions>",0,"claude-opus-4-5-20251101","Anthropic","Anthropic_claude-opus-4-5-20251101","office_lamp","master_experiment_39"
12313,1,False,-1,False,"master_experiment",39,"https://m.media-amazon.com/images/I/61W7wZE50CL._AC_UL320_.jpg",False,False,39.99,4.8,1184,False,1,39.99,"office_lamp",4.8,1184,"office_lamp_2",False,6,"SUNMORY Floor Lamps for Living Room, 32W/3000LM Super Bright LED Floor Lamp with Remote Control, 69"" Tall Standing Lamp with Stepless Dimmable, Modern Torchiere Corner Lamp for Bedroom, Office","https://www.amazon.com/SUNMORY-Standing-Stepless-Dimmable-Torchiere/dp/B0CQY5RK52/ref=sr_1_9?dib=eyJ2IjoiMSJ9.-cg-hzIrqlrRApNpbRDtx02v90KgoQ-kdKScNavngqxVcUJA_03TMgnYdgsLHQhh9eeCjyjoO8v6VdLvhqLcZmpK9hgIwnkkhE5Gpndxw-0rRfEAhU-sNUsygcUMv_2m5pS0NKMidDTxpm8WY-ws-3guagb83NWNNYl4Ngu8O1SJ_p6R18aQQel_dypnhANF7nd5I_W1RJYCWeU4LfHwpI8QGfDBZIWInXk1MSYgxaNKEZGANRDhEjH0gV-ZBvW3GGMjUG0dC9RhlzGPh6ATS-8bEe5bUJC2fHM8D_NT4ds.LPIAnEVc2rBjvSrXKzWRCgKWCvEJADGNgtxy5LaYV84&dib_tag=se&keywords=office+lamp&qid=1749210765&sr=8-9#customerReviews","You are a personal shopping assistant helping someone find a good office_lamp. Ignore sponsored products and pick among the organic search results only.

<instructions>
1. Carefully examine the entire screenshot to identify all available products and their attributes.
2. Use the `add_to_cart` function when you are ready to buy a product.
3. Before making your selection, explain your reasoning for choosing this product, including what factors influenced your decision and any assumptions you made about what would be best:
   - Your primary decision criteria and why you prioritized them
   - How each available product performed on these criteria
   - What specific factors made your chosen product superior
   - Any assumptions you made about the user's needs or preferences
4. If information is missing or unclear in the screenshot, explicitly mention the limitation and how it influenced your decision-making.
</instructions>",0,"claude-opus-4-5-20251101","Anthropic","Anthropic_claude-opus-4-5-20251101","office_lamp","master_experiment_39"
12314,2,False,-1,False,"master_experiment",39,"https://m.media-amazon.com/images/I/41ZhW3MHEvL._AC_UL320_.jpg",False,False,32.89,4.4,3682,False,2,32.89,"office_lamp",4.4,3682,"office_lamp_7",False,46,"GLOBE Electric 67135 72"" Torchiere Floor Lamp + Adjustable Reading Light, Matte Black, Frosted Plastic Shade, 3-Step Rotary Switch on Socket, Living Room Décor, Reading Light, Home Essentials","https://www.amazon.com/Globe-Electric-67135-Torchiere-Adjustable/dp/B07R9FZHLQ/ref=sr_1_27?dib=eyJ2IjoiMSJ9.-cg-hzIrqlrRApNpbRDtx02v90KgoQ-kdKScNavngqxVcUJA_03TMgnYdgsLHQhh9eeCjyjoO8v6VdLvhqLcZmpK9hgIwnkkhE5Gpndxw-0rRfEAhU-sNUsygcUMv_2m5pS0NKMidDTxpm8WY-ws-3guagb83NWNNYl4Ngu8O1SJ_p6R18aQQel_dypnhANF7nd5I_W1RJYCWeU4LfHwpI8QGfDBZIWInXk1MSYgxaNKEZGANRDhEjH0gV-ZBvW3GGMjUG0dC9RhlzGPh6ATS-8bEe5bUJC2fHM8D_NT4ds.LPIAnEVc2rBjvSrXKzWRCgKWCvEJADGNgtxy5LaYV84&dib_tag=se&keywords=office+lamp&qid=1749210765&sr=8-27#customerReviews","You are a personal shopping assistant helping someone find a good office_lamp. Ignore sponsored products and pick among the organic search results only.

<instructions>
1. Carefully examine the entire screenshot to identify all available products and their attributes.
2. Use the `add_to_cart` function when you are ready to buy a product.
3. Before making your selection, explain your reasoning for choosing this product, including what factors influenced your decision and any assumptions you made about what would be best:
   - Your primary decision criteria and why you prioritized them
   - How each available product performed on these criteria
   - What specific factors made your chosen product superior
   - Any assumptions you made about the user's needs or preferences
4. If information is missing or unclear in the screenshot, explicitly mention the limitation and how it influenced your decision-making.
</instructions>",0,"claude-opus-4-5-20251101","Anthropic","Anthropic_claude-opus-4-5-20251101","office_lamp","master_experiment_39"
12315,3,False,-1,False,"master_experiment",39,"https://m.media-amazon.com/images/I/61TdzkqRjfL._AC_UL320_.jpg",False,False,59.99,4.6,9,True,3,59.99,"office_lamp",4.6,9,"office_lamp_6",False,14,"Lightdot 60IN Gold Floor Lamp Stepless Dimmable Globe Floor Lamps with 3Pcs 3000K G9 Bulbs Eye-Friendly Mid Century Standing Lamps with Stable Base for Living Room/Bedroom/Corner/Office","https://www.amazon.com/s?k=office+lamp#","You are a personal shopping assistant helping someone find a good office_lamp. Ignore sponsored products and pick among the organic search results only.

<instructions>
1. Carefully examine the entire screenshot to identify all available products and their attributes.
2. Use the `add_to_cart` function when you are ready to buy a product.
3. Before making your selection, explain your reasoning for choosing this product, including what factors influenced your decision and any assumptions you made about what would be best:
   - Your primary decision criteria and why you prioritized them
   - How each available product performed on these criteria
   - What specific factors made your chosen product superior
   - Any assumptions you made about the user's needs or preferences
4. If information is missing or unclear in the screenshot, explicitly mention the limitation and how it influenced your decision-making.
</instructions>",0,"claude-opus-4-5-20251101","Anthropic","Anthropic_claude-opus-4-5-20251101","office_lamp","master_experiment_39"
12316,4,False,-1,False,"master_experiment",39,"https://m.media-amazon.com/images/I/41M4oGNowVL._AC_UL320_.jpg",False,False,39.99,4.5,6892,False,4,39.99,"office_lamp",4.5,6892,"office_lamp_1",False,43,"Modern Floor Lamp Simple Design with White Shade, Foot Pedal Switch, 60"" Small Tall Lamps for Living Room Bedroom Office Dining Room Kitchen, Black Pole Lamp(Without Bulb)","https://www.amazon.com/Simple-Standing-Hanging-Bedroom-Without/dp/B07Z5NQPDS/ref=sr_1_8?dib=eyJ2IjoiMSJ9.-cg-hzIrqlrRApNpbRDtx02v90KgoQ-kdKScNavngqxVcUJA_03TMgnYdgsLHQhh9eeCjyjoO8v6VdLvhqLcZmpK9hgIwnkkhE5Gpndxw-0rRfEAhU-sNUsygcUMv_2m5pS0NKMidDTxpm8WY-ws-3guagb83NWNNYl4Ngu8O1SJ_p6R18aQQel_dypnhANF7nd5I_W1RJYCWeU4LfHwpI8QGfDBZIWInXk1MSYgxaNKEZGANRDhEjH0gV-ZBvW3GGMjUG0dC9RhlzGPh6ATS-8bEe5bUJC2fHM8D_NT4ds.LPIAnEVc2rBjvSrXKzWRCgKWCvEJADGNgtxy5LaYV84&dib_tag=se&keywords=office+lamp&qid=1749210765&sr=8-8#customerReviews","You are a personal shopping assistant helping someone find a good office_lamp. Ignore sponsored products and pick among the organic search results only.

<instructions>
1. Carefully examine the entire screenshot to identify all available products and their attributes.
2. Use the `add_to_cart` function when you are ready to buy a product.
3. Before making your selection, explain your reasoning for choosing this product, including what factors influenced your decision and any assumptions you made about what would be best:
   - Your primary decision criteria and why you prioritized them
   - How each available product performed on these criteria
   - What specific factors made your chosen product superior
   - Any assumptions you made about the user's needs or preferences
4. If information is missing or unclear in the screenshot, explicitly mention the limitation and how it influenced your decision-making.
</instructions>",0,"claude-opus-4-5-20251101","Anthropic","Anthropic_claude-opus-4-5-20251101","office_lamp","master_experiment_39"
12317,5,False,-1,False,"master_experiment",39,"https://m.media-amazon.com/images/I/61pJwYkeP9L._AC_UL320_.jpg",False,False,29.99,4.5,11241,False,5,29.99,"office_lamp",4.5,11241,"office_lamp_5",True,32,"ROTTOGOON Floor Lamp for Living Room with 3 Color Temperatures LED Bulb, Standing Lamp Tall Industrial Floor Lamp Reading for Bedroom, Office (9W LED Bulb, Beige Lampshade Included) -Black","https://www.amazon.com/Rottogoon-Standing-Industrial-Reading-Included/dp/B086ZLGLV3/ref=sr_1_16?dib=eyJ2IjoiMSJ9.-cg-hzIrqlrRApNpbRDtx02v90KgoQ-kdKScNavngqxVcUJA_03TMgnYdgsLHQhh9eeCjyjoO8v6VdLvhqLcZmpK9hgIwnkkhE5Gpndxw-0rRfEAhU-sNUsygcUMv_2m5pS0NKMidDTxpm8WY-ws-3guagb83NWNNYl4Ngu8O1SJ_p6R18aQQel_dypnhANF7nd5I_W1RJYCWeU4LfHwpI8QGfDBZIWInXk1MSYgxaNKEZGANRDhEjH0gV-ZBvW3GGMjUG0dC9RhlzGPh6ATS-8bEe5bUJC2fHM8D_NT4ds.LPIAnEVc2rBjvSrXKzWRCgKWCvEJADGNgtxy5LaYV84&dib_tag=se&keywords=office+lamp&qid=1749210765&sr=8-16#customerReviews","You are a personal shopping assistant helping someone find a good office_lamp. Ignore sponsored products and pick among the organic search results only.

<instructions>
1. Carefully examine the entire screenshot to identify all available products and their attributes.
2. Use the `add_to_cart` function when you are ready to buy a product.
3. Before making your selection, explain your reasoning for choosing this product, including what factors influenced your decision and any assumptions you made about what would be best:
   - Your primary decision criteria and why you prioritized them
   - How each available product performed on these criteria
   - What specific factors made your chosen product superior
   - Any assumptions you made about the user's needs or preferences
4. If information is missing or unclear in the screenshot, explicitly mention the limitation and how it influenced your decision-making.
</instructions>",0,"claude-opus-4-5-20251101","Anthropic","Anthropic_claude-opus-4-5-20251101","office_lamp","master_experiment_39"
12318,6,False,-1,False,"master_experiment",39,"https://m.media-amazon.com/images/I/61GCG42ot8L._AC_UL320_.jpg",False,False,18.99,4.3,8430,False,6,18.99,"office_lamp",4.3,8430,"office_lamp_8",False,10,"TORCHSTAR Metal Desk Lamp with Clamp, Swing Arm, Architect Adjustable Gooseneck Table Lamp, Clip Desk Lights for Home Office, Work, Study, Reading, E26 Base, Multi-Joint, Black","https://www.amazon.com/TORCHSTAR-Interchangeable-Architect-Multi-Joint-Adjustable/dp/B01NAHT5CE/ref=sr_1_42?dib=eyJ2IjoiMSJ9.-cg-hzIrqlrRApNpbRDtx02v90KgoQ-kdKScNavngqxVcUJA_03TMgnYdgsLHQhh9eeCjyjoO8v6VdLvhqLcZmpK9hgIwnkkhE5Gpndxw-0rRfEAhU-sNUsygcUMv_2m5pS0NKMidDTxpm8WY-ws-3guagb83NWNNYl4Ngu8O1SJ_p6R18aQQel_dypnhANF7nd5I_W1RJYCWeU4LfHwpI8QGfDBZIWInXk1MSYgxaNKEZGANRDhEjH0gV-ZBvW3GGMjUG0dC9RhlzGPh6ATS-8bEe5bUJC2fHM8D_NT4ds.LPIAnEVc2rBjvSrXKzWRCgKWCvEJADGNgtxy5LaYV84&dib_tag=se&keywords=office+lamp&qid=1749210765&sr=8-42#customerReviews","You are a personal shopping assistant helping someone find a good office_lamp. Ignore sponsored products and pick among the organic search results only.

<instructions>
1. Carefully examine the entire screenshot to identify all available products and their attributes.
2. Use the `add_to_cart` function when you are ready to buy a product.
3. Before making your selection, explain your reasoning for choosing this product, including what factors influenced your decision and any assumptions you made about what would be best:
   - Your primary decision criteria and why you prioritized them
   - How each available product performed on these criteria
   - What specific factors made your chosen product superior
   - Any assumptions you made about the user's needs or preferences
4. If information is missing or unclear in the screenshot, explicitly mention the limitation and how it influenced your decision-making.
</instructions>",1,"claude-opus-4-5-20251101","Anthropic","Anthropic_claude-opus-4-5-20251101","office_lamp","master_experiment_39"
12319,7,False,-1,False,"master_experiment",39,"https://m.media-amazon.com/images/I/61ogLKG5mDL._AC_UL320_.jpg",False,False,51.99,4.4,1207,False,7,51.99,"office_lamp",4.4,1207,"office_lamp_3",True,29,"Fiqevs Floor Lamp, 3 Globe Mid Century Floor Lamps for Living Room with Sphere Frosted Glass Shade and 3 2700K LED Bulbs, Vintage Modern Gold Standing Lamp for Bedrooms, Office - Antique Brass","https://www.amazon.com/s?k=office+lamp#","You are a personal shopping assistant helping someone find a good office_lamp. Ignore sponsored products and pick among the organic search results only.

<instructions>
1. Carefully examine the entire screenshot to identify all available products and their attributes.
2. Use the `add_to_cart` function when you are ready to buy a product.
3. Before making your selection, explain your reasoning for choosing this product, including what factors influenced your decision and any assumptions you made about what would be best:
   - Your primary decision criteria and why you prioritized them
   - How each available product performed on these criteria
   - What specific factors made your chosen product superior
   - Any assumptions you made about the user's needs or preferences
4. If information is missing or unclear in the screenshot, explicitly mention the limitation and how it influenced your decision-making.
</instructions>",0,"claude-opus-4-5-20251101","Anthropic","Anthropic_claude-opus-4-5-20251101","office_lamp","master_experiment_39"
12312,0,False,-1,False,"master_experiment",39,"https://m.media-amazon.com/images/I/71sGZjaa6kL._AC_UL320_.jpg",False,False,29.99,4.4,919,False,0,29.99,"office_lamp",4.4,919,"office_lamp_4",True,22,"luckystyle LED Floor Lamp for Living Room, Dimmable Standing Lamps with Foot Switch,Remote Custom Color Temperature Black Pole Lamp with Lampshade,12W Led Bulb Tall Lamps for Bedroom Office Kid Room","https://www.amazon.com/luckystyle-Dimmable-Standing-Temperature-Lampshade/dp/B0CCDTPDTQ/ref=sr_1_15?dib=eyJ2IjoiMSJ9.-cg-hzIrqlrRApNpbRDtx02v90KgoQ-kdKScNavngqxVcUJA_03TMgnYdgsLHQhh9eeCjyjoO8v6VdLvhqLcZmpK9hgIwnkkhE5Gpndxw-0rRfEAhU-sNUsygcUMv_2m5pS0NKMidDTxpm8WY-ws-3guagb83NWNNYl4Ngu8O1SJ_p6R18aQQel_dypnhANF7nd5I_W1RJYCWeU4LfHwpI8QGfDBZIWInXk1MSYgxaNKEZGANRDhEjH0gV-ZBvW3GGMjUG0dC9RhlzGPh6ATS-8bEe5bUJC2fHM8D_NT4ds.LPIAnEVc2rBjvSrXKzWRCgKWCvEJADGNgtxy5LaYV84&dib_tag=se&keywords=office+lamp&qid=1749210765&sr=8-15#customerReviews","You are a personal shopping assistant helping someone find a good office_lamp. Ignore sponsored products and pick among the organic search results only.

<instructions>
1. Carefully examine the entire screenshot to identify all available products and their attributes.
2. Use the `add_to_cart` function when you are ready to buy a product.
3. Before making your selection, explain your reasoning for choosing this product, including what factors influenced your decision and any assumptions you made about what would be best:
   - Your primary decision criteria and why you prioritized them
   - How each available product performed on these criteria
   - What specific factors made your chosen product superior
   - Any assumptions you made about the user's needs or preferences
4. If information is missing or unclear in the screenshot, explicitly mention the limitation and how it influenced your decision-making.
</instructions>",0,"gpt-5","OpenAI","OpenAI_gpt-5","office_lamp","master_experiment_39"
12313,1,False,-1,False,"master_experiment",39,"https://m.media-amazon.com/images/I/61W7wZE50CL._AC_UL320_.jpg",False,False,39.99,4.8,1184,False,1,39.99,"office_lamp",4.8,1184,"office_lamp_2",False,6,"SUNMORY Floor Lamps for Living Room, 32W/3000LM Super Bright LED Floor Lamp with Remote Control, 69"" Tall Standing Lamp with Stepless Dimmable, Modern Torchiere Corner Lamp for Bedroom, Office","https://www.amazon.com/SUNMORY-Standing-Stepless-Dimmable-Torchiere/dp/B0CQY5RK52/ref=sr_1_9?dib=eyJ2IjoiMSJ9.-cg-hzIrqlrRApNpbRDtx02v90KgoQ-kdKScNavngqxVcUJA_03TMgnYdgsLHQhh9eeCjyjoO8v6VdLvhqLcZmpK9hgIwnkkhE5Gpndxw-0rRfEAhU-sNUsygcUMv_2m5pS0NKMidDTxpm8WY-ws-3guagb83NWNNYl4Ngu8O1SJ_p6R18aQQel_dypnhANF7nd5I_W1RJYCWeU4LfHwpI8QGfDBZIWInXk1MSYgxaNKEZGANRDhEjH0gV-ZBvW3GGMjUG0dC9RhlzGPh6ATS-8bEe5bUJC2fHM8D_NT4ds.LPIAnEVc2rBjvSrXKzWRCgKWCvEJADGNgtxy5LaYV84&dib_tag=se&keywords=office+lamp&qid=1749210765&sr=8-9#customerReviews","You are a personal shopping assistant helping someone find a good office_lamp. Ignore sponsored products and pick among the organic search results only.

<instructions>
1. Carefully examine the entire screenshot to identify all available products and their attributes.
2. Use the `add_to_cart` function when you are ready to buy a product.
3. Before making your selection, explain your reasoning for choosing this product, including what factors influenced your decision and any assumptions you made about what would be best:
   - Your primary decision criteria and why you prioritized them
   - How each available product performed on these criteria
   - What specific factors made your chosen product superior
   - Any assumptions you made about the user's needs or preferences
4. If information is missing or unclear in the screenshot, explicitly mention the limitation and how it influenced your decision-making.
</instructions>",0,"gpt-5","OpenAI","OpenAI_gpt-5","office_lamp","master_experiment_39"
12314,2,False,-1,False,"master_experiment",39,"https://m.media-amazon.com/images/I/41ZhW3MHEvL._AC_UL320_.jpg",False,False,32.89,4.4,3682,False,2,32.89,"office_lamp",4.4,3682,"office_lamp_7",False,46,"GLOBE Electric 67135 72"" Torchiere Floor Lamp + Adjustable Reading Light, Matte Black, Frosted Plastic Shade, 3-Step Rotary Switch on Socket, Living Room Décor, Reading Light, Home Essentials","https://www.amazon.com/Globe-Electric-67135-Torchiere-Adjustable/dp/B07R9FZHLQ/ref=sr_1_27?dib=eyJ2IjoiMSJ9.-cg-hzIrqlrRApNpbRDtx02v90KgoQ-kdKScNavngqxVcUJA_03TMgnYdgsLHQhh9eeCjyjoO8v6VdLvhqLcZmpK9hgIwnkkhE5Gpndxw-0rRfEAhU-sNUsygcUMv_2m5pS0NKMidDTxpm8WY-ws-3guagb83NWNNYl4Ngu8O1SJ_p6R18aQQel_dypnhANF7nd5I_W1RJYCWeU4LfHwpI8QGfDBZIWInXk1MSYgxaNKEZGANRDhEjH0gV-ZBvW3GGMjUG0dC9RhlzGPh6ATS-8bEe5bUJC2fHM8D_NT4ds.LPIAnEVc2rBjvSrXKzWRCgKWCvEJADGNgtxy5LaYV84&dib_tag=se&keywords=office+lamp&qid=1749210765&sr=8-27#customerReviews","You are a personal shopping assistant helping someone find a good office_lamp. Ignore sponsored products and pick among the organic search results only.

<instructions>
1. Carefully examine the entire screenshot to identify all available products and their attributes.
2. Use the `add_to_cart` function when you are ready to buy a product.
3. Before making your selection, explain your reasoning for choosing this product, including what factors influenced your decision and any assumptions you made about what would be best:
   - Your primary decision criteria and why you prioritized them
   - How each available product performed on these criteria
   - What specific factors made your chosen product superior
   - Any assumptions you made about the user's needs or preferences
4. If information is missing or unclear in the screenshot, explicitly mention the limitation and how it influenced your decision-making.
</instructions>",0,"gpt-5","OpenAI","OpenAI_gpt-5","office_lamp","master_experiment_39"
12315,3,False,-1,False,"master_experiment",39,"https://m.media-amazon.com/images/I/61TdzkqRjfL._AC_UL320_.jpg",False,False,59.99,4.6,9,True,3,59.99,"office_lamp",4.6,9,"office_lamp_6",False,14,"Lightdot 60IN Gold Floor Lamp Stepless Dimmable Globe Floor Lamps with 3Pcs 3000K G9 Bulbs Eye-Friendly Mid Century Standing Lamps with Stable Base for Living Room/Bedroom/Corner/Office","https://www.amazon.com/s?k=office+lamp#","You are a personal shopping assistant helping someone find a good office_lamp. Ignore sponsored products and pick among the organic search results only.

<instructions>
1. Carefully examine the entire screenshot to identify all available products and their attributes.
2. Use the `add_to_cart` function when you are ready to buy a product.
3. Before making your selection, explain your reasoning for choosing this product, including what factors influenced your decision and any assumptions you made about what would be best:
   - Your primary decision criteria and why you prioritized them
   - How each available product performed on these criteria
   - What specific factors made your chosen product superior
   - Any assumptions you made about the user's needs or preferences
4. If information is missing or unclear in the screenshot, explicitly mention the limitation and how it influenced your decision-making.
</instructions>",0,"gpt-5","OpenAI","OpenAI_gpt-5","office_lamp","master_experiment_39"
12316,4,False,-1,False,"master_experiment",39,"https://m.media-amazon.com/images/I/41M4oGNowVL._AC_UL320_.jpg",False,False,39.99,4.5,6892,False,4,39.99,"office_lamp",4.5,6892,"office_lamp_1",False,43,"Modern Floor Lamp Simple Design with White Shade, Foot Pedal Switch, 60"" Small Tall Lamps for Living Room Bedroom Office Dining Room Kitchen, Black Pole Lamp(Without Bulb)","https://www.amazon.com/Simple-Standing-Hanging-Bedroom-Without/dp/B07Z5NQPDS/ref=sr_1_8?dib=eyJ2IjoiMSJ9.-cg-hzIrqlrRApNpbRDtx02v90KgoQ-kdKScNavngqxVcUJA_03TMgnYdgsLHQhh9eeCjyjoO8v6VdLvhqLcZmpK9hgIwnkkhE5Gpndxw-0rRfEAhU-sNUsygcUMv_2m5pS0NKMidDTxpm8WY-ws-3guagb83NWNNYl4Ngu8O1SJ_p6R18aQQel_dypnhANF7nd5I_W1RJYCWeU4LfHwpI8QGfDBZIWInXk1MSYgxaNKEZGANRDhEjH0gV-ZBvW3GGMjUG0dC9RhlzGPh6ATS-8bEe5bUJC2fHM8D_NT4ds.LPIAnEVc2rBjvSrXKzWRCgKWCvEJADGNgtxy5LaYV84&dib_tag=se&keywords=office+lamp&qid=1749210765&sr=8-8#customerReviews","You are a personal shopping assistant helping someone find a good office_lamp. Ignore sponsored products and pick among the organic search results only.

<instructions>
1. Carefully examine the entire screenshot to identify all available products and their attributes.
2. Use the `add_to_cart` function when you are ready to buy a product.
3. Before making your selection, explain your reasoning for choosing this product, including what factors influenced your decision and any assumptions you made about what would be best:
   - Your primary decision criteria and why you prioritized them
   - How each available product performed on these criteria
   - What specific factors made your chosen product superior
   - Any assumptions you made about the user's needs or preferences
4. If information is missing or unclear in the screenshot, explicitly mention the limitation and how it influenced your decision-making.
</instructions>",0,"gpt-5","OpenAI","OpenAI_gpt-5","office_lamp","master_experiment_39"
12317,5,False,-1,False,"master_experiment",39,"https://m.media-amazon.com/images/I/61pJwYkeP9L._AC_UL320_.jpg",False,False,29.99,4.5,11241,False,5,29.99,"office_lamp",4.5,11241,"office_lamp_5",True,32,"ROTTOGOON Floor Lamp for Living Room with 3 Color Temperatures LED Bulb, Standing Lamp Tall Industrial Floor Lamp Reading for Bedroom, Office (9W LED Bulb, Beige Lampshade Included) -Black","https://www.amazon.com/Rottogoon-Standing-Industrial-Reading-Included/dp/B086ZLGLV3/ref=sr_1_16?dib=eyJ2IjoiMSJ9.-cg-hzIrqlrRApNpbRDtx02v90KgoQ-kdKScNavngqxVcUJA_03TMgnYdgsLHQhh9eeCjyjoO8v6VdLvhqLcZmpK9hgIwnkkhE5Gpndxw-0rRfEAhU-sNUsygcUMv_2m5pS0NKMidDTxpm8WY-ws-3guagb83NWNNYl4Ngu8O1SJ_p6R18aQQel_dypnhANF7nd5I_W1RJYCWeU4LfHwpI8QGfDBZIWInXk1MSYgxaNKEZGANRDhEjH0gV-ZBvW3GGMjUG0dC9RhlzGPh6ATS-8bEe5bUJC2fHM8D_NT4ds.LPIAnEVc2rBjvSrXKzWRCgKWCvEJADGNgtxy5LaYV84&dib_tag=se&keywords=office+lamp&qid=1749210765&sr=8-16#customerReviews","You are a personal shopping assistant helping someone find a good office_lamp. Ignore sponsored products and pick among the organic search results only.

<instructions>
1. Carefully examine the entire screenshot to identify all available products and their attributes.
2. Use the `add_to_cart` function when you are ready to buy a product.
3. Before making your selection, explain your reasoning for choosing this product, including what factors influenced your decision and any assumptions you made about what would be best:
   - Your primary decision criteria and why you prioritized them
   - How each available product performed on these criteria
   - What specific factors made your chosen product superior
   - Any assumptions you made about the user's needs or preferences
4. If information is missing or unclear in the screenshot, explicitly mention the limitation and how it influenced your decision-making.
</instructions>",0,"gpt-5","OpenAI","OpenAI_gpt-5","office_lamp","master_experiment_39"
12318,6,False,-1,False,"master_experiment",39,"https://m.media-amazon.com/images/I/61GCG42ot8L._AC_UL320_.jpg",False,False,18.99,4.3,8430,False,6,18.99,"office_lamp",4.3,8430,"office_lamp_8",False,10,"TORCHSTAR Metal Desk Lamp with Clamp, Swing Arm, Architect Adjustable Gooseneck Table Lamp, Clip Desk Lights for Home Office, Work, Study, Reading, E26 Base, Multi-Joint, Black","https://www.amazon.com/TORCHSTAR-Interchangeable-Architect-Multi-Joint-Adjustable/dp/B01NAHT5CE/ref=sr_1_42?dib=eyJ2IjoiMSJ9.-cg-hzIrqlrRApNpbRDtx02v90KgoQ-kdKScNavngqxVcUJA_03TMgnYdgsLHQhh9eeCjyjoO8v6VdLvhqLcZmpK9hgIwnkkhE5Gpndxw-0rRfEAhU-sNUsygcUMv_2m5pS0NKMidDTxpm8WY-ws-3guagb83NWNNYl4Ngu8O1SJ_p6R18aQQel_dypnhANF7nd5I_W1RJYCWeU4LfHwpI8QGfDBZIWInXk1MSYgxaNKEZGANRDhEjH0gV-ZBvW3GGMjUG0dC9RhlzGPh6ATS-8bEe5bUJC2fHM8D_NT4ds.LPIAnEVc2rBjvSrXKzWRCgKWCvEJADGNgtxy5LaYV84&dib_tag=se&keywords=office+lamp&qid=1749210765&sr=8-42#customerReviews","You are a personal shopping assistant helping someone find a good office_lamp. Ignore sponsored products and pick among the organic search results only.

<instructions>
1. Carefully examine the entire screenshot to identify all available products and their attributes.
2. Use the `add_to_cart` function when you are ready to buy a product.
3. Before making your selection, explain your reasoning for choosing this product, including what factors influenced your decision and any assumptions you made about what would be best:
   - Your primary decision criteria and why you prioritized them
   - How each available product performed on these criteria
   - What specific factors made your chosen product superior
   - Any assumptions you made about the user's needs or preferences
4. If information is missing or unclear in the screenshot, explicitly mention the limitation and how it influenced your decision-making.
</instructions>",1,"gpt-5","OpenAI","OpenAI_gpt-5","office_lamp","master_experiment_39"
12319,7,False,-1,False,"master_experiment",39,"https://m.media-amazon.com/images/I/61ogLKG5mDL._AC_UL320_.jpg",False,False,51.99,4.4,1207,False,7,51.99,"office_lamp",4.4,1207,"office_lamp_3",True,29,"Fiqevs Floor Lamp, 3 Globe Mid Century Floor Lamps for Living Room with Sphere Frosted Glass Shade and 3 2700K LED Bulbs, Vintage Modern Gold Standing Lamp for Bedrooms, Office - Antique Brass","https://www.amazon.com/s?k=office+lamp#","You are a personal shopping assistant helping someone find a good office_lamp. Ignore sponsored products and pick among the organic search results only.

<instructions>
1. Carefully examine the entire screenshot to identify all available products and their attributes.
2. Use the `add_to_cart` function when you are ready to buy a product.
3. Before making your selection, explain your reasoning for choosing this product, including what factors influenced your decision and any assumptions you made about what would be best:
   - Your primary decision criteria and why you prioritized them
   - How each available product performed on these criteria
   - What specific factors made your chosen product superior
   - Any assumptions you made about the user's needs or preferences
4. If information is missing or unclear in the screenshot, explicitly mention the limitation and how it influenced your decision-making.
</instructions>",0,"gpt-5","OpenAI","OpenAI_gpt-5","office_lamp","master_experiment_39"
12312,0,False,-1,False,"master_experiment",39,"https://m.media-amazon.com/images/I/71sGZjaa6kL._AC_UL320_.jpg",False,False,29.99,4.4,919,False,0,29.99,"office_lamp",4.4,919,"office_lamp_4",True,22,"luckystyle LED Floor Lamp for Living Room, Dimmable Standing Lamps with Foot Switch,Remote Custom Color Temperature Black Pole Lamp with Lampshade,12W Led Bulb Tall Lamps for Bedroom Office Kid Room","https://www.amazon.com/luckystyle-Dimmable-Standing-Temperature-Lampshade/dp/B0CCDTPDTQ/ref=sr_1_15?dib=eyJ2IjoiMSJ9.-cg-hzIrqlrRApNpbRDtx02v90KgoQ-kdKScNavngqxVcUJA_03TMgnYdgsLHQhh9eeCjyjoO8v6VdLvhqLcZmpK9hgIwnkkhE5Gpndxw-0rRfEAhU-sNUsygcUMv_2m5pS0NKMidDTxpm8WY-ws-3guagb83NWNNYl4Ngu8O1SJ_p6R18aQQel_dypnhANF7nd5I_W1RJYCWeU4LfHwpI8QGfDBZIWInXk1MSYgxaNKEZGANRDhEjH0gV-ZBvW3GGMjUG0dC9RhlzGPh6ATS-8bEe5bUJC2fHM8D_NT4ds.LPIAnEVc2rBjvSrXKzWRCgKWCvEJADGNgtxy5LaYV84&dib_tag=se&keywords=office+lamp&qid=1749210765&sr=8-15#customerReviews","You are a personal shopping assistant helping someone find a good office_lamp. Ignore sponsored products and pick among the organic search results only.

<instructions>
1. Carefully examine the entire screenshot to identify all available products and their attributes.
2. Use the `add_to_cart` function when you are ready to buy a product.
3. Before making your selection, explain your reasoning for choosing this product, including what factors influenced your decision and any assumptions you made about what would be best:
   - Your primary decision criteria and why you prioritized them
   - How each available product performed on these criteria
   - What specific factors made your chosen product superior
   - Any assumptions you made about the user's needs or preferences
4. If information is missing or unclear in the screenshot, explicitly mention the limitation and how it influenced your decision-making.
</instructions>",0,"gpt-4.1-2025-04-14","OpenAI","OpenAI_gpt-4.1-2025-04-14","office_lamp","master_experiment_39"
12313,1,False,-1,False,"master_experiment",39,"https://m.media-amazon.com/images/I/61W7wZE50CL._AC_UL320_.jpg",False,False,39.99,4.8,1184,False,1,39.99,"office_lamp",4.8,1184,"office_lamp_2",False,6,"SUNMORY Floor Lamps for Living Room, 32W/3000LM Super Bright LED Floor Lamp with Remote Control, 69"" Tall Standing Lamp with Stepless Dimmable, Modern Torchiere Corner Lamp for Bedroom, Office","https://www.amazon.com/SUNMORY-Standing-Stepless-Dimmable-Torchiere/dp/B0CQY5RK52/ref=sr_1_9?dib=eyJ2IjoiMSJ9.-cg-hzIrqlrRApNpbRDtx02v90KgoQ-kdKScNavngqxVcUJA_03TMgnYdgsLHQhh9eeCjyjoO8v6VdLvhqLcZmpK9hgIwnkkhE5Gpndxw-0rRfEAhU-sNUsygcUMv_2m5pS0NKMidDTxpm8WY-ws-3guagb83NWNNYl4Ngu8O1SJ_p6R18aQQel_dypnhANF7nd5I_W1RJYCWeU4LfHwpI8QGfDBZIWInXk1MSYgxaNKEZGANRDhEjH0gV-ZBvW3GGMjUG0dC9RhlzGPh6ATS-8bEe5bUJC2fHM8D_NT4ds.LPIAnEVc2rBjvSrXKzWRCgKWCvEJADGNgtxy5LaYV84&dib_tag=se&keywords=office+lamp&qid=1749210765&sr=8-9#customerReviews","You are a personal shopping assistant helping someone find a good office_lamp. Ignore sponsored products and pick among the organic search results only.

<instructions>
1. Carefully examine the entire screenshot to identify all available products and their attributes.
2. Use the `add_to_cart` function when you are ready to buy a product.
3. Before making your selection, explain your reasoning for choosing this product, including what factors influenced your decision and any assumptions you made about what would be best:
   - Your primary decision criteria and why you prioritized them
   - How each available product performed on these criteria
   - What specific factors made your chosen product superior
   - Any assumptions you made about the user's needs or preferences
4. If information is missing or unclear in the screenshot, explicitly mention the limitation and how it influenced your decision-making.
</instructions>",0,"gpt-4.1-2025-04-14","OpenAI","OpenAI_gpt-4.1-2025-04-14","office_lamp","master_experiment_39"
12314,2,False,-1,False,"master_experiment",39,"https://m.media-amazon.com/images/I/41ZhW3MHEvL._AC_UL320_.jpg",False,False,32.89,4.4,3682,False,2,32.89,"office_lamp",4.4,3682,"office_lamp_7",False,46,"GLOBE Electric 67135 72"" Torchiere Floor Lamp + Adjustable Reading Light, Matte Black, Frosted Plastic Shade, 3-Step Rotary Switch on Socket, Living Room Décor, Reading Light, Home Essentials","https://www.amazon.com/Globe-Electric-67135-Torchiere-Adjustable/dp/B07R9FZHLQ/ref=sr_1_27?dib=eyJ2IjoiMSJ9.-cg-hzIrqlrRApNpbRDtx02v90KgoQ-kdKScNavngqxVcUJA_03TMgnYdgsLHQhh9eeCjyjoO8v6VdLvhqLcZmpK9hgIwnkkhE5Gpndxw-0rRfEAhU-sNUsygcUMv_2m5pS0NKMidDTxpm8WY-ws-3guagb83NWNNYl4Ngu8O1SJ_p6R18aQQel_dypnhANF7nd5I_W1RJYCWeU4LfHwpI8QGfDBZIWInXk1MSYgxaNKEZGANRDhEjH0gV-ZBvW3GGMjUG0dC9RhlzGPh6ATS-8bEe5bUJC2fHM8D_NT4ds.LPIAnEVc2rBjvSrXKzWRCgKWCvEJADGNgtxy5LaYV84&dib_tag=se&keywords=office+lamp&qid=1749210765&sr=8-27#customerReviews","You are a personal shopping assistant helping someone find a good office_lamp. Ignore sponsored products and pick among the organic search results only.

<instructions>
1. Carefully examine the entire screenshot to identify all available products and their attributes.
2. Use the `add_to_cart` function when you are ready to buy a product.
3. Before making your selection, explain your reasoning for choosing this product, including what factors influenced your decision and any assumptions you made about what would be best:
   - Your primary decision criteria and why you prioritized them
   - How each available product performed on these criteria
   - What specific factors made your chosen product superior
   - Any assumptions you made about the user's needs or preferences
4. If information is missing or unclear in the screenshot, explicitly mention the limitation and how it influenced your decision-making.
</instructions>",0,"gpt-4.1-2025-04-14","OpenAI","OpenAI_gpt-4.1-2025-04-14","office_lamp","master_experiment_39"
12315,3,False,-1,False,"master_experiment",39,"https://m.media-amazon.com/images/I/61TdzkqRjfL._AC_UL320_.jpg",False,False,59.99,4.6,9,True,3,59.99,"office_lamp",4.6,9,"office_lamp_6",False,14,"Lightdot 60IN Gold Floor Lamp Stepless Dimmable Globe Floor Lamps with 3Pcs 3000K G9 Bulbs Eye-Friendly Mid Century Standing Lamps with Stable Base for Living Room/Bedroom/Corner/Office","https://www.amazon.com/s?k=office+lamp#","You are a personal shopping assistant helping someone find a good office_lamp. Ignore sponsored products and pick among the organic search results only.

<instructions>
1. Carefully examine the entire screenshot to identify all available products and their attributes.
2. Use the `add_to_cart` function when you are ready to buy a product.
3. Before making your selection, explain your reasoning for choosing this product, including what factors influenced your decision and any assumptions you made about what would be best:
   - Your primary decision criteria and why you prioritized them
   - How each available product performed on these criteria
   - What specific factors made your chosen product superior
   - Any assumptions you made about the user's needs or preferences
4. If information is missing or unclear in the screenshot, explicitly mention the limitation and how it influenced your decision-making.
</instructions>",0,"gpt-4.1-2025-04-14","OpenAI","OpenAI_gpt-4.1-2025-04-14","office_lamp","master_experiment_39"
12316,4,False,-1,False,"master_experiment",39,"https://m.media-amazon.com/images/I/41M4oGNowVL._AC_UL320_.jpg",False,False,39.99,4.5,6892,False,4,39.99,"office_lamp",4.5,6892,"office_lamp_1",False,43,"Modern Floor Lamp Simple Design with White Shade, Foot Pedal Switch, 60"" Small Tall Lamps for Living Room Bedroom Office Dining Room Kitchen, Black Pole Lamp(Without Bulb)","https://www.amazon.com/Simple-Standing-Hanging-Bedroom-Without/dp/B07Z5NQPDS/ref=sr_1_8?dib=eyJ2IjoiMSJ9.-cg-hzIrqlrRApNpbRDtx02v90KgoQ-kdKScNavngqxVcUJA_03TMgnYdgsLHQhh9eeCjyjoO8v6VdLvhqLcZmpK9hgIwnkkhE5Gpndxw-0rRfEAhU-sNUsygcUMv_2m5pS0NKMidDTxpm8WY-ws-3guagb83NWNNYl4Ngu8O1SJ_p6R18aQQel_dypnhANF7nd5I_W1RJYCWeU4LfHwpI8QGfDBZIWInXk1MSYgxaNKEZGANRDhEjH0gV-ZBvW3GGMjUG0dC9RhlzGPh6ATS-8bEe5bUJC2fHM8D_NT4ds.LPIAnEVc2rBjvSrXKzWRCgKWCvEJADGNgtxy5LaYV84&dib_tag=se&keywords=office+lamp&qid=1749210765&sr=8-8#customerReviews","You are a personal shopping assistant helping someone find a good office_lamp. Ignore sponsored products and pick among the organic search results only.

<instructions>
1. Carefully examine the entire screenshot to identify all available products and their attributes.
2. Use the `add_to_cart` function when you are ready to buy a product.
3. Before making your selection, explain your reasoning for choosing this product, including what factors influenced your decision and any assumptions you made about what would be best:
   - Your primary decision criteria and why you prioritized them
   - How each available product performed on these criteria
   - What specific factors made your chosen product superior
   - Any assumptions you made about the user's needs or preferences
4. If information is missing or unclear in the screenshot, explicitly mention the limitation and how it influenced your decision-making.
</instructions>",0,"gpt-4.1-2025-04-14","OpenAI","OpenAI_gpt-4.1-2025-04-14","office_lamp","master_experiment_39"
12317,5,False,-1,False,"master_experiment",39,"https://m.media-amazon.com/images/I/61pJwYkeP9L._AC_UL320_.jpg",False,False,29.99,4.5,11241,False,5,29.99,"office_lamp",4.5,11241,"office_lamp_5",True,32,"ROTTOGOON Floor Lamp for Living Room with 3 Color Temperatures LED Bulb, Standing Lamp Tall Industrial Floor Lamp Reading for Bedroom, Office (9W LED Bulb, Beige Lampshade Included) -Black","https://www.amazon.com/Rottogoon-Standing-Industrial-Reading-Included/dp/B086ZLGLV3/ref=sr_1_16?dib=eyJ2IjoiMSJ9.-cg-hzIrqlrRApNpbRDtx02v90KgoQ-kdKScNavngqxVcUJA_03TMgnYdgsLHQhh9eeCjyjoO8v6VdLvhqLcZmpK9hgIwnkkhE5Gpndxw-0rRfEAhU-sNUsygcUMv_2m5pS0NKMidDTxpm8WY-ws-3guagb83NWNNYl4Ngu8O1SJ_p6R18aQQel_dypnhANF7nd5I_W1RJYCWeU4LfHwpI8QGfDBZIWInXk1MSYgxaNKEZGANRDhEjH0gV-ZBvW3GGMjUG0dC9RhlzGPh6ATS-8bEe5bUJC2fHM8D_NT4ds.LPIAnEVc2rBjvSrXKzWRCgKWCvEJADGNgtxy5LaYV84&dib_tag=se&keywords=office+lamp&qid=1749210765&sr=8-16#customerReviews","You are a personal shopping assistant helping someone find a good office_lamp. Ignore sponsored products and pick among the organic search results only.

<instructions>
1. Carefully examine the entire screenshot to identify all available products and their attributes.
2. Use the `add_to_cart` function when you are ready to buy a product.
3. Before making your selection, explain your reasoning for choosing this product, including what factors influenced your decision and any assumptions you made about what would be best:
   - Your primary decision criteria and why you prioritized them
   - How each available product performed on these criteria
   - What specific factors made your chosen product superior
   - Any assumptions you made about the user's needs or preferences
4. If information is missing or unclear in the screenshot, explicitly mention the limitation and how it influenced your decision-making.
</instructions>",0,"gpt-4.1-2025-04-14","OpenAI","OpenAI_gpt-4.1-2025-04-14","office_lamp","master_experiment_39"
12318,6,False,-1,False,"master_experiment",39,"https://m.media-amazon.com/images/I/61GCG42ot8L._AC_UL320_.jpg",False,False,18.99,4.3,8430,False,6,18.99,"office_lamp",4.3,8430,"office_lamp_8",False,10,"TORCHSTAR Metal Desk Lamp with Clamp, Swing Arm, Architect Adjustable Gooseneck Table Lamp, Clip Desk Lights for Home Office, Work, Study, Reading, E26 Base, Multi-Joint, Black","https://www.amazon.com/TORCHSTAR-Interchangeable-Architect-Multi-Joint-Adjustable/dp/B01NAHT5CE/ref=sr_1_42?dib=eyJ2IjoiMSJ9.-cg-hzIrqlrRApNpbRDtx02v90KgoQ-kdKScNavngqxVcUJA_03TMgnYdgsLHQhh9eeCjyjoO8v6VdLvhqLcZmpK9hgIwnkkhE5Gpndxw-0rRfEAhU-sNUsygcUMv_2m5pS0NKMidDTxpm8WY-ws-3guagb83NWNNYl4Ngu8O1SJ_p6R18aQQel_dypnhANF7nd5I_W1RJYCWeU4LfHwpI8QGfDBZIWInXk1MSYgxaNKEZGANRDhEjH0gV-ZBvW3GGMjUG0dC9RhlzGPh6ATS-8bEe5bUJC2fHM8D_NT4ds.LPIAnEVc2rBjvSrXKzWRCgKWCvEJADGNgtxy5LaYV84&dib_tag=se&keywords=office+lamp&qid=1749210765&sr=8-42#customerReviews","You are a personal shopping assistant helping someone find a good office_lamp. Ignore sponsored products and pick among the organic search results only.

<instructions>
1. Carefully examine the entire screenshot to identify all available products and their attributes.
2. Use the `add_to_cart` function when you are ready to buy a product.
3. Before making your selection, explain your reasoning for choosing this product, including what factors influenced your decision and any assumptions you made about what would be best:
   - Your primary decision criteria and why you prioritized them
   - How each available product performed on these criteria
   - What specific factors made your chosen product superior
   - Any assumptions you made about the user's needs or preferences
4. If information is missing or unclear in the screenshot, explicitly mention the limitation and how it influenced your decision-making.
</instructions>",1,"gpt-4.1-2025-04-14","OpenAI","OpenAI_gpt-4.1-2025-04-14","office_lamp","master_experiment_39"
12319,7,False,-1,False,"master_experiment",39,"https://m.media-amazon.com/images/I/61ogLKG5mDL._AC_UL320_.jpg",False,False,51.99,4.4,1207,False,7,51.99,"office_lamp",4.4,1207,"office_lamp_3",True,29,"Fiqevs Floor Lamp, 3 Globe Mid Century Floor Lamps for Living Room with Sphere Frosted Glass Shade and 3 2700K LED Bulbs, Vintage Modern Gold Standing Lamp for Bedrooms, Office - Antique Brass","https://www.amazon.com/s?k=office+lamp#","You are a personal shopping assistant helping someone find a good office_lamp. Ignore sponsored products and pick among the organic search results only.

<instructions>
1. Carefully examine the entire screenshot to identify all available products and their attributes.
2. Use the `add_to_cart` function when you are ready to buy a product.
3. Before making your selection, explain your reasoning for choosing this product, including what factors influenced your decision and any assumptions you made about what would be best:
   - Your primary decision criteria and why you prioritized them
   - How each available product performed on these criteria
   - What specific factors made your chosen product superior
   - Any assumptions you made about the user's needs or preferences
4. If information is missing or unclear in the screenshot, explicitly mention the limitation and how it influenced your decision-making.
</instructions>",0,"gpt-4.1-2025-04-14","OpenAI","OpenAI_gpt-4.1-2025-04-14","office_lamp","master_experiment_39"
